"EntryPoint","Import"
"tokenoskobi_kernel.py","from pathlib import Path"
"tokenoskobi_kernel.py","import argparse, json, subprocess, datetime, os"
"services\product_slice_02\server.py","from __future__ import annotations"
"services\product_slice_02\server.py","import fcntl"
"services\product_slice_02\server.py","import json"
"services\product_slice_02\server.py","import math"
"services\product_slice_02\server.py","import os"
"services\product_slice_02\server.py","import re"
"services\product_slice_02\server.py","import sqlite3"
"services\product_slice_02\server.py","import threading"
"services\product_slice_02\server.py","import time"
"services\product_slice_02\server.py","import urllib.error"
"services\product_slice_02\server.py","import urllib.parse"
"services\product_slice_02\server.py","import urllib.request"
"services\product_slice_02\server.py","from datetime import datetime, timezone"
"services\product_slice_02\server.py","from http.server import BaseHTTPRequestHandler, ThreadingHTTPServer"
"services\product_slice_02\server.py","from pathlib import Path"
"services\product_slice_02\server.py","from typing import Any"
"services\product_slice_03\server.py","from __future__ import annotations"
"services\product_slice_03\server.py","import fcntl"
"services\product_slice_03\server.py","import hashlib"
"services\product_slice_03\server.py","import importlib.util"
"services\product_slice_03\server.py","import json"
"services\product_slice_03\server.py","import math"
"services\product_slice_03\server.py","import os"
"services\product_slice_03\server.py","import re"
"services\product_slice_03\server.py","import secrets"
"services\product_slice_03\server.py","import threading"
"services\product_slice_03\server.py","import urllib.parse"
"services\product_slice_03\server.py","from datetime import datetime, timezone"
"services\product_slice_03\server.py","from http.server import BaseHTTPRequestHandler, ThreadingHTTPServer"
"services\product_slice_03\server.py","from pathlib import Path"
"services\product_slice_03\server.py","from typing import Any"
