"File","Line","Match","Code"
"core\runtime_policy_authority_gate.py","149","PROJECT_RUNTIME.json","runtime = runtime_override or _load_json(root_path / ""PROJECT_RUNTIME.json"")"
"tests\general_runtime_stress_harness_v1.py","49","PROJECT_RUNTIME.json","runtime = json.loads((ROOT / 'PROJECT_RUNTIME.json').read_text(encoding='utf-8'))"
"tools\legacy\era54_canonical_closure_and_index_sync_fix1_launcher_v1.py","71","PROJECT_HISTORY.json","OLD_LOCK_RULE = '''- PROJECT_HISTORY.json is append-only."
"tools\legacy\era54_canonical_closure_and_index_sync_fix1_launcher_v1.py","75","PROJECT_HISTORY.json","NEW_LOCK_RULE = '''- PROJECT_HISTORY.json is append-only."
"tools\legacy\era54_canonical_closure_and_index_sync_noapi_v1.py","22","PROJECT_RUNTIME.json","'PROJECT_RUNTIME.json',"
"tools\legacy\era54_canonical_closure_and_index_sync_noapi_v1.py","23","PROJECT_BOOT.json","'PROJECT_BOOT.json',"
"tools\legacy\era54_canonical_closure_and_index_sync_noapi_v1.py","24","PROJECT_HISTORY.json","'PROJECT_HISTORY.json',"
"tools\legacy\era54_canonical_closure_and_index_sync_noapi_v1.py","29","06_PROJECT_MASTER_STATE.md","'06_PROJECT_MASTER_STATE.md',"
"tools\legacy\era54_canonical_closure_and_index_sync_noapi_v1.py","30","07_PROJECT_HANDOFF.md","'07_PROJECT_HANDOFF.md',"
"tools\legacy\era54_canonical_closure_and_index_sync_noapi_v1.py","63","06_PROJECT_MASTER_STATE.md","- `06_PROJECT_MASTER_STATE.md` — güncel insan-okur proje özeti"
"tools\legacy\era54_canonical_closure_and_index_sync_noapi_v1.py","64","07_PROJECT_HANDOFF.md","- `07_PROJECT_HANDOFF.md` — yeni oturum devam bilgisi"
"tools\legacy\era54_canonical_closure_and_index_sync_noapi_v1.py","68","PROJECT_RUNTIME.json","- `PROJECT_RUNTIME.json` — güncel durumun birincil kaynağı"
"tools\legacy\era54_canonical_closure_and_index_sync_noapi_v1.py","69","PROJECT_BOOT.json","- `PROJECT_BOOT.json` — sabit kimlik, doktrin ve başlangıç sözleşmesi"
"tools\legacy\era54_canonical_closure_and_index_sync_noapi_v1.py","70","PROJECT_HISTORY.json","- `PROJECT_HISTORY.json` — eklemeli tarihsel kayıt; yalnız gerektiğinde okunur"
"tools\legacy\era54_canonical_closure_and_index_sync_noapi_v1.py","79","PROJECT_RUNTIME.json","1. `PROJECT_RUNTIME.json`"
"tools\legacy\era54_canonical_closure_and_index_sync_noapi_v1.py","80","PROJECT_BOOT.json","2. `PROJECT_BOOT.json`"
"tools\legacy\era54_canonical_closure_and_index_sync_noapi_v1.py","81","06_PROJECT_MASTER_STATE.md","3. `06_PROJECT_MASTER_STATE.md`"
"tools\legacy\era54_canonical_closure_and_index_sync_noapi_v1.py","82","07_PROJECT_HANDOFF.md","4. `07_PROJECT_HANDOFF.md`"
"tools\legacy\era54_canonical_closure_and_index_sync_noapi_v1.py","85","PROJECT_HISTORY.json","7. `PROJECT_HISTORY.json` yalnız tarihsel bağlam gerektiğinde"
"tools\legacy\era54_canonical_closure_and_index_sync_noapi_v1.py","110","PROJECT_RUNTIME.json","1. `PROJECT_RUNTIME.json`"
"tools\legacy\era54_canonical_closure_and_index_sync_noapi_v1.py","111","PROJECT_BOOT.json","2. `PROJECT_BOOT.json`"
"tools\legacy\era54_canonical_closure_and_index_sync_noapi_v1.py","112","06_PROJECT_MASTER_STATE.md","3. `06_PROJECT_MASTER_STATE.md`"
"tools\legacy\era54_canonical_closure_and_index_sync_noapi_v1.py","113","07_PROJECT_HANDOFF.md","4. `07_PROJECT_HANDOFF.md`"
"tools\legacy\era54_canonical_closure_and_index_sync_noapi_v1.py","116","PROJECT_HISTORY.json","7. `PROJECT_HISTORY.json` yalnız tarihsel bağlam gerektiğinde"
"tools\legacy\era54_canonical_closure_and_index_sync_noapi_v1.py","238","PROJECT_RUNTIME.json","CURRENT_STATE_AUTHORITY=PROJECT_RUNTIME.json"
"tools\legacy\era54_canonical_closure_and_index_sync_noapi_v1.py","248","06_PROJECT_MASTER_STATE.md","- 06_PROJECT_MASTER_STATE.md"
"tools\legacy\era54_canonical_closure_and_index_sync_noapi_v1.py","249","07_PROJECT_HANDOFF.md","- 07_PROJECT_HANDOFF.md"
"tools\legacy\era54_canonical_closure_and_index_sync_noapi_v1.py","252","PROJECT_RUNTIME.json","- PROJECT_RUNTIME.json"
"tools\legacy\era54_canonical_closure_and_index_sync_noapi_v1.py","253","PROJECT_BOOT.json","- PROJECT_BOOT.json"
"tools\legacy\era54_canonical_closure_and_index_sync_noapi_v1.py","254","PROJECT_HISTORY.json","- PROJECT_HISTORY.json"
"tools\legacy\era54_canonical_closure_and_index_sync_noapi_v1.py","258","PROJECT_RUNTIME.json","1. PROJECT_RUNTIME.json"
"tools\legacy\era54_canonical_closure_and_index_sync_noapi_v1.py","259","PROJECT_BOOT.json","2. PROJECT_BOOT.json"
"tools\legacy\era54_canonical_closure_and_index_sync_noapi_v1.py","260","06_PROJECT_MASTER_STATE.md","3. 06_PROJECT_MASTER_STATE.md"
"tools\legacy\era54_canonical_closure_and_index_sync_noapi_v1.py","261","07_PROJECT_HANDOFF.md","4. 07_PROJECT_HANDOFF.md"
"tools\legacy\era54_canonical_closure_and_index_sync_noapi_v1.py","264","PROJECT_HISTORY.json","7. PROJECT_HISTORY.json only when historical context is required"
"tools\legacy\era54_canonical_closure_and_index_sync_noapi_v1.py","267","PROJECT_RUNTIME.json","- PROJECT_RUNTIME.json"
"tools\legacy\era54_canonical_closure_and_index_sync_noapi_v1.py","268","PROJECT_BOOT.json","- PROJECT_BOOT.json"
"tools\legacy\era54_canonical_closure_and_index_sync_noapi_v1.py","269","PROJECT_HISTORY.json","- PROJECT_HISTORY.json"
"tools\legacy\era54_canonical_closure_and_index_sync_noapi_v1.py","274","06_PROJECT_MASTER_STATE.md","- 06_PROJECT_MASTER_STATE.md"
"tools\legacy\era54_canonical_closure_and_index_sync_noapi_v1.py","275","07_PROJECT_HANDOFF.md","- 07_PROJECT_HANDOFF.md"
"tools\legacy\era54_canonical_closure_and_index_sync_noapi_v1.py","291","PROJECT_RUNTIME.json","- PROJECT_RUNTIME.json is the current-state authority."
"tools\legacy\era54_canonical_closure_and_index_sync_noapi_v1.py","292","PROJECT_HISTORY.json","- PROJECT_HISTORY.json is append-only."
"tools\legacy\era54_canonical_closure_and_index_sync_noapi_v1.py","381","PROJECT_RUNTIME.json","'authority': 'PROJECT_RUNTIME.json',"
"tools\legacy\era54_canonical_closure_and_index_sync_noapi_v1.py","393","PROJECT_RUNTIME.json","runtime = load_json(ROOT / 'PROJECT_RUNTIME.json')"
"tools\legacy\era54_canonical_closure_and_index_sync_noapi_v1.py","510","PROJECT_RUNTIME.json","atomic_write_json('PROJECT_RUNTIME.json', runtime)"
"tools\legacy\era54_canonical_closure_and_index_sync_noapi_v1.py","512","PROJECT_BOOT.json","boot = load_json(ROOT / 'PROJECT_BOOT.json')"
"tools\legacy\era54_canonical_closure_and_index_sync_noapi_v1.py","515","PROJECT_RUNTIME.json","'PROJECT_RUNTIME.json',"
"tools\legacy\era54_canonical_closure_and_index_sync_noapi_v1.py","516","PROJECT_BOOT.json","'PROJECT_BOOT.json',"
"tools\legacy\era54_canonical_closure_and_index_sync_noapi_v1.py","517","06_PROJECT_MASTER_STATE.md","'06_PROJECT_MASTER_STATE.md',"
"tools\legacy\era54_canonical_closure_and_index_sync_noapi_v1.py","518","07_PROJECT_HANDOFF.md","'07_PROJECT_HANDOFF.md',"
"tools\legacy\era54_canonical_closure_and_index_sync_noapi_v1.py","521","PROJECT_HISTORY.json","'PROJECT_HISTORY.json only if historical context is required',"
"tools\legacy\era54_canonical_closure_and_index_sync_noapi_v1.py","543","PROJECT_RUNTIME.json","'Read PROJECT_RUNTIME.json first. ERA54 and the NEWS operational baseline '"
"tools\legacy\era54_canonical_closure_and_index_sync_noapi_v1.py","590","06_PROJECT_MASTER_STATE.md","'06_PROJECT_MASTER_STATE.md',"
"tools\legacy\era54_canonical_closure_and_index_sync_noapi_v1.py","591","07_PROJECT_HANDOFF.md","'07_PROJECT_HANDOFF.md',"
"tools\legacy\era54_canonical_closure_and_index_sync_noapi_v1.py","592","PROJECT_BOOT.json","'PROJECT_BOOT.json',"
"tools\legacy\era54_canonical_closure_and_index_sync_noapi_v1.py","593","PROJECT_RUNTIME.json","'PROJECT_RUNTIME.json',"
"tools\legacy\era54_canonical_closure_and_index_sync_noapi_v1.py","594","PROJECT_HISTORY.json","'PROJECT_HISTORY.json',"
"tools\legacy\era54_canonical_closure_and_index_sync_noapi_v1.py","599","PROJECT_BOOT.json","atomic_write_json('PROJECT_BOOT.json', boot)"
"tools\legacy\era54_canonical_closure_and_index_sync_noapi_v1.py","601","PROJECT_HISTORY.json","history = load_json(ROOT / 'PROJECT_HISTORY.json')"
"tools\legacy\era54_canonical_closure_and_index_sync_noapi_v1.py","627","PROJECT_HISTORY.json","atomic_write_json('PROJECT_HISTORY.json', history)"
"tools\legacy\era54_canonical_closure_and_index_sync_noapi_v1.py","634","PROJECT_RUNTIME.json","roadmap['current_state_authority'] = 'PROJECT_RUNTIME.json'"
"tools\legacy\era54_canonical_closure_and_index_sync_noapi_v1.py","711","PROJECT_RUNTIME.json","CURRENT_STATE_AUTHORITY=PROJECT_RUNTIME.json"
"tools\legacy\era54_canonical_closure_and_index_sync_noapi_v1.py","770","PROJECT_HISTORY.json","- Mandatory ERA closure document set completed, including `PROJECT_HISTORY.json` and `05_ATLAS.md`."
"tools\legacy\era54_canonical_closure_and_index_sync_noapi_v1.py","837","06_PROJECT_MASTER_STATE.md","update_current_markdown('06_PROJECT_MASTER_STATE.md', current_block)"
"tools\legacy\era54_canonical_closure_and_index_sync_noapi_v1.py","838","07_PROJECT_HANDOFF.md","update_current_markdown('07_PROJECT_HANDOFF.md', current_block)"
"tools\legacy\era54_canonical_closure_and_index_sync_noapi_v1.py","846","PROJECT_RUNTIME.json","1. `PROJECT_RUNTIME.json`"
"tools\legacy\era54_canonical_closure_and_index_sync_noapi_v1.py","847","PROJECT_BOOT.json","2. `PROJECT_BOOT.json`"
"tools\legacy\era54_canonical_closure_and_index_sync_noapi_v1.py","848","06_PROJECT_MASTER_STATE.md","3. `06_PROJECT_MASTER_STATE.md`"
"tools\legacy\era54_canonical_closure_and_index_sync_noapi_v1.py","849","07_PROJECT_HANDOFF.md","4. `07_PROJECT_HANDOFF.md`"
"tools\legacy\era54_canonical_closure_and_index_sync_noapi_v1.py","852","PROJECT_HISTORY.json","7. `PROJECT_HISTORY.json` only if history is needed"
"tools\legacy\era54_canonical_closure_and_index_sync_noapi_v1.py","871","PROJECT_RUNTIME.json","'authority': 'PROJECT_RUNTIME.json',"
"tools\legacy\era54_canonical_closure_and_index_sync_noapi_v1.py","889","PROJECT_RUNTIME.json","'PROJECT_RUNTIME.json',"
"tools\legacy\era54_canonical_closure_and_index_sync_noapi_v1.py","890","PROJECT_BOOT.json","'PROJECT_BOOT.json',"
"tools\legacy\era54_canonical_closure_and_index_sync_noapi_v1.py","891","PROJECT_HISTORY.json","'PROJECT_HISTORY.json',"
"tools\legacy\era54_canonical_closure_and_index_sync_noapi_v1.py","893","06_PROJECT_MASTER_STATE.md","'06_PROJECT_MASTER_STATE.md',"
"tools\legacy\era54_canonical_closure_and_index_sync_noapi_v1.py","894","07_PROJECT_HANDOFF.md","'07_PROJECT_HANDOFF.md',"
"tools\legacy\era55a20_p0_post_remediation_audit_and_production_canary_decision_v1.py","44","PROJECT_RUNTIME.json","RUNTIME = ROOT / ""PROJECT_RUNTIME.json"""
"tools\legacy\era55a20_p0_post_remediation_audit_and_production_canary_decision_v1.py","45","PROJECT_HISTORY.json","HISTORY = ROOT / ""PROJECT_HISTORY.json"""
"tools\legacy\era55a20_p0_post_remediation_audit_and_production_canary_decision_v1.py","46","06_PROJECT_MASTER_STATE.md","MASTER = ROOT / ""06_PROJECT_MASTER_STATE.md"""
"tools\legacy\era55a20_p0_post_remediation_audit_and_production_canary_decision_v1.py","47","07_PROJECT_HANDOFF.md","HANDOFF = ROOT / ""07_PROJECT_HANDOFF.md"""
"tools\legacy\era55a20_p0_post_remediation_audit_and_production_canary_decision_v1.py","724","PROJECT_RUNTIME.json","CURRENT_STATE_AUTHORITY=PROJECT_RUNTIME.json"
"tools\legacy\era55a20_p0_post_remediation_audit_and_production_canary_decision_v1.py","725","06_PROJECT_MASTER_STATE.md","CURRENT_HUMAN_SUMMARY=06_PROJECT_MASTER_STATE.md"
"tools\legacy\era55a21_p0_single_natural_cycle_post_remediation_canary_apply_and_post_audit_v1.py","56","PROJECT_RUNTIME.json","RUNTIME = ROOT / ""PROJECT_RUNTIME.json"""
"tools\legacy\era55a21_p0_single_natural_cycle_post_remediation_canary_apply_and_post_audit_v1.py","57","PROJECT_HISTORY.json","HISTORY = ROOT / ""PROJECT_HISTORY.json"""
"tools\legacy\era55a21_p0_single_natural_cycle_post_remediation_canary_apply_and_post_audit_v1.py","58","06_PROJECT_MASTER_STATE.md","MASTER = ROOT / ""06_PROJECT_MASTER_STATE.md"""
"tools\legacy\era55a21_p0_single_natural_cycle_post_remediation_canary_apply_and_post_audit_v1.py","59","07_PROJECT_HANDOFF.md","HANDOFF = ROOT / ""07_PROJECT_HANDOFF.md"""
"tools\legacy\era55a21_p0_single_natural_cycle_post_remediation_canary_apply_and_post_audit_v1.py","1337","PROJECT_RUNTIME.json","CURRENT_STATE_AUTHORITY=PROJECT_RUNTIME.json"
"tools\legacy\era55a21_p0_single_natural_cycle_post_remediation_canary_apply_and_post_audit_v1.py","1338","06_PROJECT_MASTER_STATE.md","CURRENT_HUMAN_SUMMARY=06_PROJECT_MASTER_STATE.md"
"tools\legacy\era55a22_p0_post_remediation_canary_red_team_general_production_activation_decision_v1.py","36","PROJECT_RUNTIME.json","RUNTIME = ROOT / ""PROJECT_RUNTIME.json"""
"tools\legacy\era55a22_p0_post_remediation_canary_red_team_general_production_activation_decision_v1.py","37","PROJECT_HISTORY.json","HISTORY = ROOT / ""PROJECT_HISTORY.json"""
"tools\legacy\era55a22_p0_post_remediation_canary_red_team_general_production_activation_decision_v1.py","38","06_PROJECT_MASTER_STATE.md","MASTER = ROOT / ""06_PROJECT_MASTER_STATE.md"""
"tools\legacy\era55a22_p0_post_remediation_canary_red_team_general_production_activation_decision_v1.py","39","07_PROJECT_HANDOFF.md","HANDOFF = ROOT / ""07_PROJECT_HANDOFF.md"""
"tools\legacy\era55a22_p0_post_remediation_canary_red_team_general_production_activation_decision_v1.py","585","PROJECT_RUNTIME.json","CURRENT_STATE_AUTHORITY=PROJECT_RUNTIME.json"
"tools\legacy\era55a22_p0_post_remediation_canary_red_team_general_production_activation_decision_v1.py","586","06_PROJECT_MASTER_STATE.md","CURRENT_HUMAN_SUMMARY=06_PROJECT_MASTER_STATE.md"
"tools\legacy\era55a24r_p0_natural_cycle_evidence_recovery_and_p0_f1_closure_v1.py","38","PROJECT_RUNTIME.json","RUNTIME = ROOT / ""PROJECT_RUNTIME.json"""
"tools\legacy\era55a24r_p0_natural_cycle_evidence_recovery_and_p0_f1_closure_v1.py","39","PROJECT_HISTORY.json","HISTORY = ROOT / ""PROJECT_HISTORY.json"""
"tools\legacy\era55a24r_p0_natural_cycle_evidence_recovery_and_p0_f1_closure_v1.py","40","06_PROJECT_MASTER_STATE.md","MASTER = ROOT / ""06_PROJECT_MASTER_STATE.md"""
"tools\legacy\era55a24r_p0_natural_cycle_evidence_recovery_and_p0_f1_closure_v1.py","41","07_PROJECT_HANDOFF.md","HANDOFF = ROOT / ""07_PROJECT_HANDOFF.md"""
"tools\legacy\era55a24r_p0_natural_cycle_evidence_recovery_and_p0_f1_closure_v1.py","683","PROJECT_RUNTIME.json","CURRENT_STATE_AUTHORITY=PROJECT_RUNTIME.json"
"tools\legacy\era55a24r_p0_natural_cycle_evidence_recovery_and_p0_f1_closure_v1.py","684","06_PROJECT_MASTER_STATE.md","CURRENT_HUMAN_SUMMARY=06_PROJECT_MASTER_STATE.md"
"tools\legacy\era55a24_p0_post_activation_observation_and_p0_f1_closure_decision_v1.py","51","PROJECT_RUNTIME.json","RUNTIME = ROOT / ""PROJECT_RUNTIME.json"""
"tools\legacy\era55a24_p0_post_activation_observation_and_p0_f1_closure_decision_v1.py","52","PROJECT_HISTORY.json","HISTORY = ROOT / ""PROJECT_HISTORY.json"""
"tools\legacy\era55a24_p0_post_activation_observation_and_p0_f1_closure_decision_v1.py","53","06_PROJECT_MASTER_STATE.md","MASTER = ROOT / ""06_PROJECT_MASTER_STATE.md"""
"tools\legacy\era55a24_p0_post_activation_observation_and_p0_f1_closure_decision_v1.py","54","07_PROJECT_HANDOFF.md","HANDOFF = ROOT / ""07_PROJECT_HANDOFF.md"""
"tools\legacy\era55a24_p0_post_activation_observation_and_p0_f1_closure_decision_v1.py","1011","PROJECT_RUNTIME.json","CURRENT_STATE_AUTHORITY=PROJECT_RUNTIME.json"
"tools\legacy\era55a24_p0_post_activation_observation_and_p0_f1_closure_decision_v1.py","1012","06_PROJECT_MASTER_STATE.md","CURRENT_HUMAN_SUMMARY=06_PROJECT_MASTER_STATE.md"
"tools\legacy\era55a25_p1_option_b_readiness_and_authorization_decision_v1.py","50","PROJECT_RUNTIME.json","RUNTIME = ROOT / ""PROJECT_RUNTIME.json"""
"tools\legacy\era55a25_p1_option_b_readiness_and_authorization_decision_v1.py","51","PROJECT_HISTORY.json","HISTORY = ROOT / ""PROJECT_HISTORY.json"""
"tools\legacy\era55a25_p1_option_b_readiness_and_authorization_decision_v1.py","52","06_PROJECT_MASTER_STATE.md","MASTER = ROOT / ""06_PROJECT_MASTER_STATE.md"""
"tools\legacy\era55a25_p1_option_b_readiness_and_authorization_decision_v1.py","53","07_PROJECT_HANDOFF.md","HANDOFF = ROOT / ""07_PROJECT_HANDOFF.md"""
"tools\legacy\era55a25_p1_option_b_readiness_and_authorization_decision_v1.py","633","PROJECT_RUNTIME.json","CURRENT_STATE_AUTHORITY=PROJECT_RUNTIME.json"
"tools\legacy\era55a25_p1_option_b_readiness_and_authorization_decision_v1.py","634","06_PROJECT_MASTER_STATE.md","CURRENT_HUMAN_SUMMARY=06_PROJECT_MASTER_STATE.md"
"tools\legacy\era55a3_natural_cycle_baseline_collection_v1.py","37","PROJECT_RUNTIME.json","""PROJECT_RUNTIME.json"","
"tools\legacy\era55a3_natural_cycle_baseline_collection_v1.py","38","PROJECT_HISTORY.json","""PROJECT_HISTORY.json"","
"tools\legacy\era55a3_natural_cycle_baseline_collection_v1.py","41","06_PROJECT_MASTER_STATE.md","""06_PROJECT_MASTER_STATE.md"","
"tools\legacy\era55a3_natural_cycle_baseline_collection_v1.py","42","07_PROJECT_HANDOFF.md","""07_PROJECT_HANDOFF.md"","
"tools\legacy\era55a3_natural_cycle_baseline_collection_v1.py","858","PROJECT_RUNTIME.json","runtime = load_json(ROOT / ""PROJECT_RUNTIME.json"")"
"tools\legacy\era55a3_natural_cycle_baseline_collection_v1.py","968","PROJECT_RUNTIME.json","path = ROOT / ""PROJECT_RUNTIME.json"""
"tools\legacy\era55a3_natural_cycle_baseline_collection_v1.py","1092","06_PROJECT_MASTER_STATE.md","path = ROOT / ""06_PROJECT_MASTER_STATE.md"""
"tools\legacy\era55a3_natural_cycle_baseline_collection_v1.py","1143","07_PROJECT_HANDOFF.md","path = ROOT / ""07_PROJECT_HANDOFF.md"""
"tools\legacy\era55a3_natural_cycle_baseline_collection_v1.py","1186","PROJECT_RUNTIME.json","execution = f""""""1. Read `PROJECT_RUNTIME.json`."
"tools\legacy\era55a3_natural_cycle_baseline_collection_v1.py","1209","PROJECT_HISTORY.json","path = ROOT / ""PROJECT_HISTORY.json"""
"tools\legacy\era55a3_natural_cycle_baseline_collection_v1.py","1460","PROJECT_RUNTIME.json","""PROJECT_RUNTIME.json"","
"tools\legacy\era55a3_natural_cycle_baseline_collection_v1.py","1461","PROJECT_HISTORY.json","""PROJECT_HISTORY.json"","
"tools\legacy\era55a4_baseline_consolidation_and_extended_sample_review_v1.py","26","PROJECT_RUNTIME.json","""PROJECT_RUNTIME.json"","
"tools\legacy\era55a4_baseline_consolidation_and_extended_sample_review_v1.py","27","PROJECT_HISTORY.json","""PROJECT_HISTORY.json"","
"tools\legacy\era55a4_baseline_consolidation_and_extended_sample_review_v1.py","30","06_PROJECT_MASTER_STATE.md","""06_PROJECT_MASTER_STATE.md"","
"tools\legacy\era55a4_baseline_consolidation_and_extended_sample_review_v1.py","31","07_PROJECT_HANDOFF.md","""07_PROJECT_HANDOFF.md"","
"tools\legacy\era55a4_baseline_consolidation_and_extended_sample_review_v1.py","134","PROJECT_RUNTIME.json","runtime = load_json(ROOT / ""PROJECT_RUNTIME.json"")"
"tools\legacy\era55a4_baseline_consolidation_and_extended_sample_review_v1.py","485","PROJECT_RUNTIME.json","path = ROOT / ""PROJECT_RUNTIME.json"""
"tools\legacy\era55a4_baseline_consolidation_and_extended_sample_review_v1.py","605","06_PROJECT_MASTER_STATE.md","path = ROOT / ""06_PROJECT_MASTER_STATE.md"""
"tools\legacy\era55a4_baseline_consolidation_and_extended_sample_review_v1.py","663","07_PROJECT_HANDOFF.md","path = ROOT / ""07_PROJECT_HANDOFF.md"""
"tools\legacy\era55a4_baseline_consolidation_and_extended_sample_review_v1.py","708","PROJECT_RUNTIME.json","execution = f""""""1. Read `PROJECT_RUNTIME.json`."
"tools\legacy\era55a4_baseline_consolidation_and_extended_sample_review_v1.py","726","PROJECT_HISTORY.json","path = ROOT / ""PROJECT_HISTORY.json"""
"tools\legacy\era55a4_baseline_consolidation_and_extended_sample_review_v1.py","954","PROJECT_RUNTIME.json","""PROJECT_RUNTIME.json"","
"tools\legacy\era55a4_baseline_consolidation_and_extended_sample_review_v1.py","955","PROJECT_HISTORY.json","""PROJECT_HISTORY.json"","
"tools\legacy\era55a5_baseline_report_and_gemini_red_team_package_v1.py","27","PROJECT_RUNTIME.json","""PROJECT_RUNTIME.json"","
"tools\legacy\era55a5_baseline_report_and_gemini_red_team_package_v1.py","28","PROJECT_HISTORY.json","""PROJECT_HISTORY.json"","
"tools\legacy\era55a5_baseline_report_and_gemini_red_team_package_v1.py","31","06_PROJECT_MASTER_STATE.md","""06_PROJECT_MASTER_STATE.md"","
"tools\legacy\era55a5_baseline_report_and_gemini_red_team_package_v1.py","32","07_PROJECT_HANDOFF.md","""07_PROJECT_HANDOFF.md"","
"tools\legacy\era55a5_baseline_report_and_gemini_red_team_package_v1.py","135","PROJECT_RUNTIME.json","runtime = load_json(ROOT / ""PROJECT_RUNTIME.json"")"
"tools\legacy\era55a5_baseline_report_and_gemini_red_team_package_v1.py","792","PROJECT_RUNTIME.json","path = ROOT / ""PROJECT_RUNTIME.json"""
"tools\legacy\era55a5_baseline_report_and_gemini_red_team_package_v1.py","917","06_PROJECT_MASTER_STATE.md","path = ROOT / ""06_PROJECT_MASTER_STATE.md"""
"tools\legacy\era55a5_baseline_report_and_gemini_red_team_package_v1.py","974","07_PROJECT_HANDOFF.md","path = ROOT / ""07_PROJECT_HANDOFF.md"""
"tools\legacy\era55a5_baseline_report_and_gemini_red_team_package_v1.py","1018","PROJECT_RUNTIME.json","execution = f""""""1. Read `PROJECT_RUNTIME.json`."
"tools\legacy\era55a5_baseline_report_and_gemini_red_team_package_v1.py","1036","PROJECT_HISTORY.json","path = ROOT / ""PROJECT_HISTORY.json"""
"tools\legacy\era55a5_baseline_report_and_gemini_red_team_package_v1.py","1184","PROJECT_RUNTIME.json","""PROJECT_RUNTIME.json"","
"tools\legacy\era55a5_baseline_report_and_gemini_red_team_package_v1.py","1185","PROJECT_HISTORY.json","""PROJECT_HISTORY.json"","
"tools\legacy\era55a6_gemini_red_team_review_and_findings_register_v1.py","24","PROJECT_RUNTIME.json","""PROJECT_RUNTIME.json"","
"tools\legacy\era55a6_gemini_red_team_review_and_findings_register_v1.py","25","PROJECT_HISTORY.json","""PROJECT_HISTORY.json"","
"tools\legacy\era55a6_gemini_red_team_review_and_findings_register_v1.py","28","06_PROJECT_MASTER_STATE.md","""06_PROJECT_MASTER_STATE.md"","
"tools\legacy\era55a6_gemini_red_team_review_and_findings_register_v1.py","29","07_PROJECT_HANDOFF.md","""07_PROJECT_HANDOFF.md"","
"tools\legacy\era55a6_gemini_red_team_review_and_findings_register_v1.py","102","PROJECT_RUNTIME.json","runtime = load(ROOT / ""PROJECT_RUNTIME.json"")"
"tools\legacy\era55a6_gemini_red_team_review_and_findings_register_v1.py","287","PROJECT_RUNTIME.json","path = ROOT / ""PROJECT_RUNTIME.json"""
"tools\legacy\era55a6_gemini_red_team_review_and_findings_register_v1.py","399","06_PROJECT_MASTER_STATE.md","master = ROOT / ""06_PROJECT_MASTER_STATE.md"""
"tools\legacy\era55a6_gemini_red_team_review_and_findings_register_v1.py","462","07_PROJECT_HANDOFF.md","handoff = ROOT / ""07_PROJECT_HANDOFF.md"""
"tools\legacy\era55a6_gemini_red_team_review_and_findings_register_v1.py","531","PROJECT_HISTORY.json","path = ROOT / ""PROJECT_HISTORY.json"""
"tools\legacy\era55a6_gemini_red_team_review_and_findings_register_v1.py","625","PROJECT_RUNTIME.json","for rel in (ARTIFACT_REL, ""PROJECT_RUNTIME.json"", ""PROJECT_HISTORY.json"", ""data/tokenoskobi_v1_v8_master_era_roadmap.json""):"
"tools\legacy\era56h_global_cache_single_cycle_canary_apply_and_postcheck_v1.py","15","PROJECT_RUNTIME.json","RUNTIME=ROOT/'PROJECT_RUNTIME.json';ROADMAP=ROOT/'data/tokenoskobi_v1_v8_master_era_roadmap.json'"
"tools\legacy\era56h_global_cache_single_cycle_canary_apply_and_postcheck_v1.py","16","06_PROJECT_MASTER_STATE.md","MASTER=ROOT/'06_PROJECT_MASTER_STATE.md';HANDOFF=ROOT/'07_PROJECT_HANDOFF.md';HISTORY=ROOT/'PROJECT_HISTORY.json';ALMANAC=ROOT/'04_ALMANAC.md'"
"tools\legacy\era56h_global_cache_single_cycle_canary_apply_and_postcheck_v1.py","213","PROJECT_RUNTIME.json","TK_AI.write_text(f'''# LATEST TK AI HANDOFF\n\nCURRENT_STATE_AUTHORITY=PROJECT_RUNTIME.json\nSTATE_SYNC_UTC={ts}\nCURRENT_ERA=ERA56_GLOBAL_INTELLIGENCE_CACHE\nCURRENT_STAGE=ERA56H_SINGLE_CYCLE_CANARY_PASSED_UNBOUND\nLAST_COMPLETED={WORK}\nLAST_RESULT={RESULT}\nSOURCE_DB_UNCHANGED=true\nGHOST_OR_STALE_ROWS=0\nCANARY_UNBOUND=true\nERA56_RUNTIME_BINDING_AUTHORIZED=false\nERA56_PRODUCTION_APPLY_AUTHORIZED=false\nPRODUCTION_MUTATION=false\nNEXT_SAFE_STEP={NEXT}\n''',encoding='utf-8')"
"tools\legacy\era56h_global_cache_single_cycle_canary_apply_and_postcheck_v1.py","214","PROJECT_RUNTIME.json","machine=load(MACHINE); machine['created_at_utc']=ts; machine['collect_mode']='canonical_sync_snapshot_no_tk_machine'; machine['current_state']={'authority':'PROJECT_RUNTIME.json','runtime_status':'ERA56_OPEN_CANARY_VERIFIED_UNBOUND','active_work_unit':{'id':WORK,'status':'CLOSED_CANARY_PASSED_UNBOUND','artifact':rel},'next_safe_step':{'name':NEXT,'status':'READY'},'last_action':{'timestamp':ts,'task':WORK,'result':RESULT,'artifact':rel}}; machine['known_facts']={'era56_opened':True,'era56_stage':'ERA56H_SINGLE_CYCLE_CANARY_PASSED_UNBOUND','single_cycle_canary_passed':True,'canary_unbound':True,'source_db_unchanged':True,'ghost_or_stale_rows':0,'runtime_binding_authorized':False,'production_apply_authorized':False,'production_mutation':False}; dump(MACHINE,machine)"
"tools\legacy\era56_final_closure_and_seal_v1.py","15","PROJECT_RUNTIME.json","RUNTIME=ROOT/'PROJECT_RUNTIME.json';ROADMAP=ROOT/'data/tokenoskobi_v1_v8_master_era_roadmap.json'"
"tools\legacy\era56_final_closure_and_seal_v1.py","16","06_PROJECT_MASTER_STATE.md","MASTER=ROOT/'06_PROJECT_MASTER_STATE.md';HANDOFF=ROOT/'07_PROJECT_HANDOFF.md';HISTORY=ROOT/'PROJECT_HISTORY.json';ALMANAC=ROOT/'04_ALMANAC.md'"
"tools\legacy\era56_final_closure_and_seal_v1.py","135","PROJECT_RUNTIME.json","TK_AI.write_text(f'''# LATEST TK AI HANDOFF\n\nCURRENT_STATE_AUTHORITY=PROJECT_RUNTIME.json\nSTATE_SYNC_UTC={ts}\nCURRENT_ERA=ERA56_GLOBAL_INTELLIGENCE_CACHE\nCURRENT_STAGE=ERA56_CLOSED_VERIFIED_READY_FOR_SEAL\nLAST_COMPLETED={WORK}\nLAST_RESULT={RESULT}\nERA56_CLOSED=true\nERA57_OPENED=false\nERA56_RUNTIME_BINDING_AUTHORIZED=false\nERA56_PRODUCTION_APPLY_AUTHORIZED=false\nPRODUCTION_MUTATION=false\nNEXT_SAFE_STEP={NEXT}\n''',encoding='utf-8')"
"tools\legacy\era56_final_closure_and_seal_v1.py","137","PROJECT_RUNTIME.json","machine=load(MACHINE);machine['created_at_utc']=ts;machine['collect_mode']='canonical_sync_snapshot_no_tk_machine';machine['current_state']={'authority':'PROJECT_RUNTIME.json','runtime_status':'ERA56_CLOSED_ERA57_NOT_OPENED','active_work_unit':{'id':WORK,'status':'CLOSED_VERIFIED_READY_FOR_SEAL','artifact':rel},'next_safe_step':{'name':NEXT,'status':'READY'},'last_action':{'timestamp':ts,'task':WORK,'result':RESULT,'artifact':rel}};machine['known_facts']={'era56_closed':True,'era57_opened':False,'runtime_binding_authorized':False,'production_apply_authorized':False,'production_mutation':False,'seal_tag':'ERA56_FINAL_SEAL'};dump(MACHINE,machine)"
"tools\legacy\era56_global_intelligence_cache_opening_v1.py","17","PROJECT_RUNTIME.json","RUNTIME=ROOT/'PROJECT_RUNTIME.json'; ROADMAP=ROOT/'data/tokenoskobi_v1_v8_master_era_roadmap.json'"
"tools\legacy\era56_global_intelligence_cache_opening_v1.py","18","06_PROJECT_MASTER_STATE.md","MASTER=ROOT/'06_PROJECT_MASTER_STATE.md'; HANDOFF=ROOT/'07_PROJECT_HANDOFF.md'; ALMANAC=ROOT/'04_ALMANAC.md'"
"tools\legacy\era56_global_intelligence_cache_opening_v1.py","19","PROJECT_HISTORY.json","HISTORY=ROOT/'PROJECT_HISTORY.json'; TK_AI=ROOT/'reports/LATEST_TK_AI_HANDOFF.md'; MACHINE=ROOT/'data/control/latest_tk_machine_state.json'"
"tools\legacy\era56_global_intelligence_cache_opening_v1.py","167","PROJECT_RUNTIME.json","TK_AI.write_text(f'''# LATEST TK AI HANDOFF\n\nCURRENT_STATE_AUTHORITY=PROJECT_RUNTIME.json\nSTATE_SYNC_UTC={ts}\nCURRENT_ERA=ERA56_GLOBAL_INTELLIGENCE_CACHE\nERA56_STATUS=OPEN_BOUNDED_DESIGN_ONLY\nLAST_COMPLETED={WORK}\nLAST_RESULT={RESULT}\nERA55_STATUS=CLOSED_VERIFIED\nERA55_SEAL_TAG={SEAL_TAG}\nERA55_SEAL_COMMIT={SEAL_COMMIT}\nERA56_PRODUCTION_APPLY_AUTHORIZED=false\nPRODUCTION_MUTATION=false\nNEXT_SAFE_STEP={NEXT}\n\nERA56 owns only derived immutable rebuildable global snapshots. Existing ledgers, runtime DB and producer artifacts remain authoritative.\n''',encoding='utf-8')"
"tools\legacy\era56_global_intelligence_cache_opening_v1.py","169","PROJECT_RUNTIME.json","machine=load(MACHINE); machine['created_at_utc']=ts; machine['collect_mode']='canonical_sync_snapshot_no_tk_machine'; machine['current_state']={'authority':'PROJECT_RUNTIME.json','runtime_status':'ERA56_OPEN_DESIGN_ONLY','active_work_unit':{'id':WORK,'status':'CLOSED_VERIFIED','artifact':rel},'next_safe_step':{'name':NEXT,'status':'READY'},'last_action':{'timestamp':ts,'task':WORK,'result':RESULT,'artifact':rel}}"
"tools\legacy\repo_cleanup_apply_safe_1_after_news_f_v1.py","22","PROJECT_BOOT.json","""PROJECT_BOOT.json"","
"tools\legacy\repo_cleanup_apply_safe_1_after_news_f_v1.py","23","PROJECT_RUNTIME.json","""PROJECT_RUNTIME.json"","
"tools\legacy\repo_cleanup_apply_safe_1_after_news_f_v1.py","24","PROJECT_MASTER_STATE.md","""PROJECT_MASTER_STATE.md"","
"tools\legacy\repo_cleanup_apply_safe_1_after_news_f_v1.py","25","PROJECT_HANDOFF.md","""PROJECT_HANDOFF.md"","
"tools\news\news_a_final_pre_replay_truth_snapshot_noapi_v1.py","32","PROJECT_RUNTIME.json","""runtime"": ROOT / ""PROJECT_RUNTIME.json"","
"tools\news\news_a_final_pre_replay_truth_snapshot_noapi_v1.py","33","PROJECT_BOOT.json","""boot"": ROOT / ""PROJECT_BOOT.json"","
"tools\news\news_a_final_pre_replay_truth_snapshot_noapi_v1.py","39","PROJECT_MASTER_STATE.md","""project_master_state_root"": ROOT / ""PROJECT_MASTER_STATE.md"","
"tools\news\news_a_final_pre_replay_truth_snapshot_noapi_v1.py","40","PROJECT_HANDOFF.md","""project_handoff_root"": ROOT / ""PROJECT_HANDOFF.md"","
"tools\news\news_a_final_pre_replay_truth_snapshot_noapi_v1.py","41","06_PROJECT_MASTER_STATE.md","""master_state_06"": ROOT / ""06_PROJECT_MASTER_STATE.md"","
"tools\news\news_a_final_pre_replay_truth_snapshot_noapi_v1.py","42","07_PROJECT_HANDOFF.md","""handoff_07"": ROOT / ""07_PROJECT_HANDOFF.md"","
"tools\news\news_f_final_operational_seal_with_known_warnings_v1.py","18","PROJECT_RUNTIME.json","PROJECT_RUNTIME = ROOT / ""PROJECT_RUNTIME.json"""
"tools\news\news_f_final_operational_seal_with_known_warnings_v1.py","19","PROJECT_BOOT.json","PROJECT_BOOT = ROOT / ""PROJECT_BOOT.json"""
"tools\news\news_f_final_operational_seal_with_known_warnings_v1.py","20","PROJECT_MASTER_STATE.md","PROJECT_MASTER = ROOT / ""PROJECT_MASTER_STATE.md"""
"tools\news\news_f_final_operational_seal_with_known_warnings_v1.py","21","PROJECT_HANDOFF.md","PROJECT_HANDOFF = ROOT / ""PROJECT_HANDOFF.md"""
"tools\news\news_f_final_operational_seal_with_known_warnings_v1.py","281","PROJECT_RUNTIME.json","""PROJECT_RUNTIME.json"","
"tools\news\news_f_final_operational_seal_with_known_warnings_v1.py","282","PROJECT_MASTER_STATE.md","""PROJECT_MASTER_STATE.md"","
"tools\news\news_f_final_operational_seal_with_known_warnings_v1.py","283","PROJECT_HANDOFF.md","""PROJECT_HANDOFF.md"","
"tools\news\news_historical_access_real_fetch_plan_noapi_v1.py","8","PROJECT_RUNTIME.json","RUNTIME = ROOT / ""PROJECT_RUNTIME.json"""
"tools\runtime\era55a23_p0_guarded_general_production_writer_runtime_integration_apply_and_post_audit_v1.py","58","PROJECT_RUNTIME.json","RUNTIME = ROOT / ""PROJECT_RUNTIME.json"""
"tools\runtime\era55a23_p0_guarded_general_production_writer_runtime_integration_apply_and_post_audit_v1.py","59","PROJECT_HISTORY.json","HISTORY = ROOT / ""PROJECT_HISTORY.json"""
"tools\runtime\era55a23_p0_guarded_general_production_writer_runtime_integration_apply_and_post_audit_v1.py","60","06_PROJECT_MASTER_STATE.md","MASTER = ROOT / ""06_PROJECT_MASTER_STATE.md"""
"tools\runtime\era55a23_p0_guarded_general_production_writer_runtime_integration_apply_and_post_audit_v1.py","61","07_PROJECT_HANDOFF.md","HANDOFF = ROOT / ""07_PROJECT_HANDOFF.md"""
"tools\runtime\era55a23_p0_guarded_general_production_writer_runtime_integration_apply_and_post_audit_v1.py","1363","PROJECT_RUNTIME.json","CURRENT_STATE_AUTHORITY=PROJECT_RUNTIME.json"
"tools\runtime\era55a23_p0_guarded_general_production_writer_runtime_integration_apply_and_post_audit_v1.py","1364","06_PROJECT_MASTER_STATE.md","CURRENT_HUMAN_SUMMARY=06_PROJECT_MASTER_STATE.md"
"tools\runtime\era56e_global_cache_bounded_runtime_binding_readiness_decision_v1.py","15","PROJECT_RUNTIME.json","RUNTIME=ROOT/'PROJECT_RUNTIME.json';ROADMAP=ROOT/'data/tokenoskobi_v1_v8_master_era_roadmap.json'"
"tools\runtime\era56e_global_cache_bounded_runtime_binding_readiness_decision_v1.py","16","06_PROJECT_MASTER_STATE.md","MASTER=ROOT/'06_PROJECT_MASTER_STATE.md';HANDOFF=ROOT/'07_PROJECT_HANDOFF.md';HISTORY=ROOT/'PROJECT_HISTORY.json';ALMANAC=ROOT/'04_ALMANAC.md'"
"tools\runtime\era56e_global_cache_bounded_runtime_binding_readiness_decision_v1.py","176","PROJECT_RUNTIME.json","TK_AI.write_text(f'''# LATEST TK AI HANDOFF\n\nCURRENT_STATE_AUTHORITY=PROJECT_RUNTIME.json\nSTATE_SYNC_UTC={ts}\nCURRENT_ERA=ERA56_GLOBAL_INTELLIGENCE_CACHE\nCURRENT_STAGE=ERA56E_BINDING_READINESS_DECIDED\nLAST_COMPLETED={WORK}\nLAST_RESULT={RESULT}\nDECISION={decision}\nERA24F_NET_UTILITY={net_utility}\nERA56_RUNTIME_BINDING_AUTHORIZED=false\nERA56_PRODUCTION_APPLY_AUTHORIZED=false\nPRODUCTION_MUTATION=false\nNEXT_SAFE_STEP={NEXT}\n''',encoding='utf-8')"
"tools\runtime\era56e_global_cache_bounded_runtime_binding_readiness_decision_v1.py","179","PROJECT_RUNTIME.json","machine['current_state']={'authority':'PROJECT_RUNTIME.json','runtime_status':'ERA56_OPEN_DESIGN_ONLY','active_work_unit':{'id':WORK,'status':'CLOSED_READINESS_DECISION_VERIFIED','artifact':rel},'next_safe_step':{'name':NEXT,'status':'READY'},'last_action':{'timestamp':ts,'task':WORK,'result':RESULT,'artifact':rel}}"
"tools\runtime\era56f_global_cache_bounded_runtime_binding_plan_and_canary_decision_v1.py","15","PROJECT_RUNTIME.json","RUNTIME=ROOT/'PROJECT_RUNTIME.json';ROADMAP=ROOT/'data/tokenoskobi_v1_v8_master_era_roadmap.json'"
"tools\runtime\era56f_global_cache_bounded_runtime_binding_plan_and_canary_decision_v1.py","16","06_PROJECT_MASTER_STATE.md","MASTER=ROOT/'06_PROJECT_MASTER_STATE.md';HANDOFF=ROOT/'07_PROJECT_HANDOFF.md';HISTORY=ROOT/'PROJECT_HISTORY.json';ALMANAC=ROOT/'04_ALMANAC.md'"
"tools\runtime\era56f_global_cache_bounded_runtime_binding_plan_and_canary_decision_v1.py","90","PROJECT_RUNTIME.json","TK_AI.write_text(f'''# LATEST TK AI HANDOFF\n\nCURRENT_STATE_AUTHORITY=PROJECT_RUNTIME.json\nSTATE_SYNC_UTC={ts}\nCURRENT_ERA=ERA56_GLOBAL_INTELLIGENCE_CACHE\nCURRENT_STAGE=ERA56F_CANARY_PLAN_DECIDED\nLAST_COMPLETED={WORK}\nLAST_RESULT={RESULT}\nDECISION={decision}\nERA56_SINGLE_CYCLE_CANARY_APPLY_AUTHORIZED=false\nERA56_RUNTIME_BINDING_AUTHORIZED=false\nERA56_PRODUCTION_APPLY_AUTHORIZED=false\nPRODUCTION_MUTATION=false\nNEXT_SAFE_STEP={NEXT}\n''',encoding='utf-8')"
"tools\runtime\era56f_global_cache_bounded_runtime_binding_plan_and_canary_decision_v1.py","91","PROJECT_RUNTIME.json","machine=load(MACHINE);machine['created_at_utc']=ts;machine['collect_mode']='canonical_sync_snapshot_no_tk_machine';machine['current_state']={'authority':'PROJECT_RUNTIME.json','runtime_status':'ERA56_OPEN_DESIGN_ONLY','active_work_unit':{'id':WORK,'status':'CLOSED_CANARY_PLAN_DECIDED','artifact':rel},'next_safe_step':{'name':NEXT,'status':'READY'},'last_action':{'timestamp':ts,'task':WORK,'result':RESULT,'artifact':rel}};machine['known_facts']={'era56_opened':True,'era56_stage':'ERA56F_CANARY_PLAN_DECIDED','canary_plan_locked':True,'single_cycle_canary_apply_authorized':False,'runtime_binding_authorized':False,'production_apply_authorized':False,'production_mutation':False};dump(MACHINE,machine)"
"tools\runtime\era56i_global_cache_post_canary_review_and_runtime_binding_decision_v1.py","15","PROJECT_RUNTIME.json","RUNTIME=ROOT/'PROJECT_RUNTIME.json';ROADMAP=ROOT/'data/tokenoskobi_v1_v8_master_era_roadmap.json'"
"tools\runtime\era56i_global_cache_post_canary_review_and_runtime_binding_decision_v1.py","16","06_PROJECT_MASTER_STATE.md","MASTER=ROOT/'06_PROJECT_MASTER_STATE.md';HANDOFF=ROOT/'07_PROJECT_HANDOFF.md';HISTORY=ROOT/'PROJECT_HISTORY.json';ALMANAC=ROOT/'04_ALMANAC.md'"
"tools\runtime\era56i_global_cache_post_canary_review_and_runtime_binding_decision_v1.py","149","PROJECT_RUNTIME.json","TK_AI.write_text(f'''# LATEST TK AI HANDOFF\n\nCURRENT_STATE_AUTHORITY=PROJECT_RUNTIME.json\nSTATE_SYNC_UTC={ts}\nCURRENT_ERA=ERA56_GLOBAL_INTELLIGENCE_CACHE\nCURRENT_STAGE=ERA56I_RUNTIME_BINDING_DEFERRED\nLAST_COMPLETED={WORK}\nLAST_RESULT={RESULT}\nDECISION={decision}\nNET_UTILITY={net_utility}\nERA56_RUNTIME_BINDING_AUTHORIZED=false\nERA56_PRODUCTION_APPLY_AUTHORIZED=false\nERA56_ADDITIONAL_CANARY_AUTHORIZED=false\nPRODUCTION_MUTATION=false\nNEXT_SAFE_STEP={NEXT}\n''',encoding='utf-8')"
"tools\runtime\era56i_global_cache_post_canary_review_and_runtime_binding_decision_v1.py","151","PROJECT_RUNTIME.json","machine=load(MACHINE);machine['created_at_utc']=ts;machine['collect_mode']='canonical_sync_snapshot_no_tk_machine';machine['current_state']={'authority':'PROJECT_RUNTIME.json','runtime_status':'ERA56_OPEN_CANARY_VERIFIED_UNBOUND','active_work_unit':{'id':WORK,'status':'CLOSED_RUNTIME_BINDING_DECISION_DEFERRED','artifact':rel},'next_safe_step':{'name':NEXT,'status':'READY'},'last_action':{'timestamp':ts,'task':WORK,'result':RESULT,'artifact':rel}};machine['known_facts']={'era56_opened':True,'era56_stage':'ERA56I_RUNTIME_BINDING_DEFERRED','runtime_binding_decision':decision,'runtime_binding_authorized':False,'production_apply_authorized':False,'additional_canary_authorized':False,'production_mutation':False,'net_utility':net_utility};dump(MACHINE,machine)"
"tools\runtime\general_runtime_surface_classifier_v1.py","248","PROJECT_RUNTIME.json","runtime_path = root / ""PROJECT_RUNTIME.json"""
"tools\runtime\general_runtime_surface_classifier_v1.py","249","PROJECT_HISTORY.json","history_path = root / ""PROJECT_HISTORY.json"""
"tools\runtime\general_runtime_surface_classifier_v1.py","250","06_PROJECT_MASTER_STATE.md","master_path = root / ""06_PROJECT_MASTER_STATE.md"""
"tools\runtime\general_runtime_surface_classifier_v1.py","251","07_PROJECT_HANDOFF.md","handoff_path = root / ""07_PROJECT_HANDOFF.md"""
"tools\runtime\post_era54_hot_ingress_bounded_runtime_integration_noapi_v1.py","838","PROJECT_RUNTIME.json","runtime = load_json(ROOT / ""PROJECT_RUNTIME.json"")"
"tools\runtime\post_era54_hot_ingress_bounded_runtime_integration_noapi_v1.py","855","PROJECT_RUNTIME.json","""authority"": ""PROJECT_RUNTIME.json"","
"tools\runtime\post_era54_hot_ingress_bounded_runtime_integration_noapi_v1.py","905","PROJECT_RUNTIME.json","atomic_write_json(ROOT / ""PROJECT_RUNTIME.json"", runtime)"
"tools\runtime\post_era54_hot_ingress_bounded_runtime_integration_noapi_v1.py","907","PROJECT_BOOT.json","boot = load_json(ROOT / ""PROJECT_BOOT.json"")"
"tools\runtime\post_era54_hot_ingress_bounded_runtime_integration_noapi_v1.py","916","PROJECT_RUNTIME.json","""Read PROJECT_RUNTIME.json first. HBR is closed. """
"tools\runtime\post_era54_hot_ingress_bounded_runtime_integration_noapi_v1.py","925","PROJECT_BOOT.json","atomic_write_json(ROOT / ""PROJECT_BOOT.json"", boot)"
"tools\runtime\post_era54_hot_ingress_bounded_runtime_integration_noapi_v1.py","938","PROJECT_RUNTIME.json","""authority"": ""PROJECT_RUNTIME.json"","
"tools\runtime\post_era54_hot_ingress_bounded_runtime_integration_noapi_v1.py","949","PROJECT_RUNTIME.json","roadmap[""current_state_authority""] = ""PROJECT_RUNTIME.json"""
"tools\runtime\post_era54_hot_ingress_bounded_runtime_integration_noapi_v1.py","970","PROJECT_RUNTIME.json","CURRENT_STATE_AUTHORITY=PROJECT_RUNTIME.json"
"tools\runtime\post_era54_hot_ingress_bounded_runtime_integration_noapi_v1.py","1009","06_PROJECT_MASTER_STATE.md","update_markdown(""06_PROJECT_MASTER_STATE.md"", block)"
"tools\runtime\post_era54_hot_ingress_bounded_runtime_integration_noapi_v1.py","1010","07_PROJECT_HANDOFF.md","update_markdown(""07_PROJECT_HANDOFF.md"", block)"
"tools\runtime\post_era54_hot_ingress_bounded_runtime_integration_noapi_v1.py","1018","PROJECT_RUNTIME.json","`PROJECT_RUNTIME.json` is current-state authority."
"tools\runtime\post_era54_hot_ingress_bound_runtime_first_observation_noapi_v1.py","1092","PROJECT_RUNTIME.json","'authority': 'PROJECT_RUNTIME.json',"
"tools\runtime\post_era54_hot_ingress_bound_runtime_first_observation_noapi_v1.py","1106","PROJECT_RUNTIME.json","runtime = load_json(ROOT / 'PROJECT_RUNTIME.json')"
"tools\runtime\post_era54_hot_ingress_bound_runtime_first_observation_noapi_v1.py","1149","PROJECT_RUNTIME.json","atomic_write_json('PROJECT_RUNTIME.json', runtime)"
"tools\runtime\post_era54_hot_ingress_bound_runtime_first_observation_noapi_v1.py","1151","PROJECT_BOOT.json","boot = load_json(ROOT / 'PROJECT_BOOT.json')"
"tools\runtime\post_era54_hot_ingress_bound_runtime_first_observation_noapi_v1.py","1165","PROJECT_RUNTIME.json","'Read PROJECT_RUNTIME.json first. NEWS operational baseline '"
"tools\runtime\post_era54_hot_ingress_bound_runtime_first_observation_noapi_v1.py","1177","PROJECT_BOOT.json","atomic_write_json('PROJECT_BOOT.json', boot)"
"tools\runtime\post_era54_hot_ingress_bound_runtime_first_observation_noapi_v1.py","1192","PROJECT_RUNTIME.json","'authority': 'PROJECT_RUNTIME.json',"
"tools\runtime\post_era54_hot_ingress_bound_runtime_first_observation_noapi_v1.py","1210","PROJECT_RUNTIME.json","roadmap['current_state_authority'] = 'PROJECT_RUNTIME.json'"
"tools\runtime\post_era54_hot_ingress_bound_runtime_first_observation_noapi_v1.py","1230","PROJECT_RUNTIME.json","CURRENT_STATE_AUTHORITY=PROJECT_RUNTIME.json"
"tools\runtime\post_era54_hot_ingress_bound_runtime_first_observation_noapi_v1.py","1264","06_PROJECT_MASTER_STATE.md","update_markdown('06_PROJECT_MASTER_STATE.md', block)"
"tools\runtime\post_era54_hot_ingress_bound_runtime_first_observation_noapi_v1.py","1265","07_PROJECT_HANDOFF.md","update_markdown('07_PROJECT_HANDOFF.md', block)"
"tools\runtime\post_era54_hot_ingress_bound_runtime_first_observation_noapi_v1.py","1273","PROJECT_RUNTIME.json","`PROJECT_RUNTIME.json` is current-state authority."
"tools\ede_security_baseline_v1.py","22","PROJECT_RUNTIME.json","rt=json.loads((ROOT/""PROJECT_RUNTIME.json"").read_text())"
"tools\era_close.py","146","PROJECT_RUNTIME.json","rt = load_json(""PROJECT_RUNTIME.json"", {})"
"tools\era_close.py","148","PROJECT_RUNTIME.json","write_json(""PROJECT_RUNTIME.json"", rt)"
"tools\era_close.py","150","PROJECT_HISTORY.json","hist = load_json(""PROJECT_HISTORY.json"", {""events"": []})"
"tools\era_close.py","159","PROJECT_HISTORY.json","write_json(""PROJECT_HISTORY.json"", hist)"
"tools\era_close.py","167","06_PROJECT_MASTER_STATE.md","for md in [""03_ROADMAP.md"", ""04_ALMANAC.md"", ""06_PROJECT_MASTER_STATE.md"", ""07_PROJECT_HANDOFF.md""]:"
"tools\era_close.py","182","PROJECT_RUNTIME.json","""PROJECT_RUNTIME.json"","
"tools\era_close.py","183","PROJECT_HISTORY.json","""PROJECT_HISTORY.json"","
"tools\era_close.py","186","06_PROJECT_MASTER_STATE.md","""06_PROJECT_MASTER_STATE.md"","
"tools\era_close.py","187","07_PROJECT_HANDOFF.md","""07_PROJECT_HANDOFF.md"","
"tools\general_systemd_dependency_check_v1.py","34","PROJECT_RUNTIME.json","""PROJECT_RUNTIME.json"","
"tools\general_systemd_dependency_check_v1.py","35","PROJECT_HISTORY.json","""PROJECT_HISTORY.json"","
"tools\general_systemd_dependency_check_v1.py","36","PROJECT_BOOT.json","""PROJECT_BOOT.json"","
"tools\general_systemd_dependency_check_v1.py","42","06_PROJECT_MASTER_STATE.md","""06_PROJECT_MASTER_STATE.md"","
"tools\general_systemd_dependency_check_v1.py","43","07_PROJECT_HANDOFF.md","""07_PROJECT_HANDOFF.md"","
"tools\general_systemd_dependency_check_v1.py","363","PROJECT_RUNTIME.json","runtime = load_json(root / ""PROJECT_RUNTIME.json"")"
"tools\hbr_canonical_state_sync_noapi_v1.py","8","PROJECT_RUNTIME.json","(root / ""PROJECT_RUNTIME.json"").read_text(encoding=""utf-8"")"
"tools\hbr_c_policy_gate_and_collision_dryrun_noapi_v1.py","531","PROJECT_RUNTIME.json","'source_of_truth': 'PROJECT_RUNTIME.json',"
"tools\hbr_c_policy_gate_and_collision_dryrun_noapi_v1.py","612","PROJECT_RUNTIME.json","runtime = load_json(ROOT / 'PROJECT_RUNTIME.json')"
"tools\hbr_c_policy_gate_and_collision_dryrun_noapi_v1.py","629","PROJECT_RUNTIME.json","'authority': 'PROJECT_RUNTIME.json',"
"tools\hbr_c_policy_gate_and_collision_dryrun_noapi_v1.py","667","PROJECT_RUNTIME.json","atomic_write_json('PROJECT_RUNTIME.json', runtime)"
"tools\hbr_c_policy_gate_and_collision_dryrun_noapi_v1.py","669","PROJECT_BOOT.json","boot = load_json(ROOT / 'PROJECT_BOOT.json')"
"tools\hbr_c_policy_gate_and_collision_dryrun_noapi_v1.py","678","PROJECT_RUNTIME.json","'Read PROJECT_RUNTIME.json first. HBR-C is closed. '"
"tools\hbr_c_policy_gate_and_collision_dryrun_noapi_v1.py","688","PROJECT_BOOT.json","atomic_write_json('PROJECT_BOOT.json', boot)"
"tools\hbr_c_policy_gate_and_collision_dryrun_noapi_v1.py","701","PROJECT_RUNTIME.json","'authority': 'PROJECT_RUNTIME.json',"
"tools\hbr_c_policy_gate_and_collision_dryrun_noapi_v1.py","712","PROJECT_RUNTIME.json","roadmap['current_state_authority'] = 'PROJECT_RUNTIME.json'"
"tools\hbr_c_policy_gate_and_collision_dryrun_noapi_v1.py","734","PROJECT_RUNTIME.json","CURRENT_STATE_AUTHORITY=PROJECT_RUNTIME.json"
"tools\hbr_c_policy_gate_and_collision_dryrun_noapi_v1.py","769","06_PROJECT_MASTER_STATE.md","update_markdown('06_PROJECT_MASTER_STATE.md', block)"
"tools\hbr_c_policy_gate_and_collision_dryrun_noapi_v1.py","770","07_PROJECT_HANDOFF.md","update_markdown('07_PROJECT_HANDOFF.md', block)"
"tools\hbr_c_policy_gate_and_collision_dryrun_noapi_v1.py","778","PROJECT_RUNTIME.json","`PROJECT_RUNTIME.json` is current-state authority."
"tools\hbr_source_window_repair_or_close_decision_noapi_v1.py","253","PROJECT_RUNTIME.json","'authority': 'PROJECT_RUNTIME.json',"
"tools\hbr_source_window_repair_or_close_decision_noapi_v1.py","264","PROJECT_RUNTIME.json","runtime = load_json(ROOT / 'PROJECT_RUNTIME.json')"
"tools\hbr_source_window_repair_or_close_decision_noapi_v1.py","291","PROJECT_RUNTIME.json","atomic_write_json('PROJECT_RUNTIME.json', runtime)"
"tools\hbr_source_window_repair_or_close_decision_noapi_v1.py","293","PROJECT_BOOT.json","boot = load_json(ROOT / 'PROJECT_BOOT.json')"
"tools\hbr_source_window_repair_or_close_decision_noapi_v1.py","302","PROJECT_RUNTIME.json","'Read PROJECT_RUNTIME.json first. The current HBR attempt is closed with zero eligible historical input and no production collision. '"
"tools\hbr_source_window_repair_or_close_decision_noapi_v1.py","310","PROJECT_BOOT.json","atomic_write_json('PROJECT_BOOT.json', boot)"
"tools\hbr_source_window_repair_or_close_decision_noapi_v1.py","323","PROJECT_RUNTIME.json","'authority': 'PROJECT_RUNTIME.json',"
"tools\hbr_source_window_repair_or_close_decision_noapi_v1.py","334","PROJECT_RUNTIME.json","roadmap['current_state_authority'] = 'PROJECT_RUNTIME.json'"
"tools\hbr_source_window_repair_or_close_decision_noapi_v1.py","354","PROJECT_RUNTIME.json","CURRENT_STATE_AUTHORITY=PROJECT_RUNTIME.json"
"tools\hbr_source_window_repair_or_close_decision_noapi_v1.py","391","06_PROJECT_MASTER_STATE.md","update_markdown('06_PROJECT_MASTER_STATE.md', block)"
"tools\hbr_source_window_repair_or_close_decision_noapi_v1.py","392","07_PROJECT_HANDOFF.md","update_markdown('07_PROJECT_HANDOFF.md', block)"
"tools\hbr_source_window_repair_or_close_decision_noapi_v1.py","400","PROJECT_RUNTIME.json","`PROJECT_RUNTIME.json` is current-state authority."
"tools\hot_ingress_binding_safe_apply_docs_only_noapi_v1.py","13","06_PROJECT_MASTER_STATE.md","ROOT / ""06_PROJECT_MASTER_STATE.md"","
"tools\hot_ingress_binding_safe_apply_docs_only_noapi_v1.py","14","07_PROJECT_HANDOFF.md","ROOT / ""07_PROJECT_HANDOFF.md"","
"tools\hot_ingress_binding_safe_apply_docs_only_noapi_v1.py","86","PROJECT_RUNTIME.json","- Runtime authority: `PROJECT_RUNTIME.json`"
"tools\hot_ingress_binding_safe_apply_docs_only_noapi_v1.py","90","06_PROJECT_MASTER_STATE.md","- Safe apply scope: `06_PROJECT_MASTER_STATE.md` and `07_PROJECT_HANDOFF.md`."
"tools\hot_ingress_binding_safe_apply_docs_only_noapi_v1.py","159","06_PROJECT_MASTER_STATE.md","- `06_PROJECT_MASTER_STATE.md`"
"tools\hot_ingress_binding_safe_apply_docs_only_noapi_v1.py","160","07_PROJECT_HANDOFF.md","- `07_PROJECT_HANDOFF.md`"
"tools\hot_ingress_binding_safe_apply_post_audit_noapi_v1.py","85","06_PROJECT_MASTER_STATE.md","expected_updated = {""06_PROJECT_MASTER_STATE.md"", ""07_PROJECT_HANDOFF.md""}"
"tools\hot_ingress_binding_safe_apply_post_audit_noapi_v1.py","179","06_PROJECT_MASTER_STATE.md","- `06_PROJECT_MASTER_STATE.md` updated."
"tools\hot_ingress_binding_safe_apply_post_audit_noapi_v1.py","180","07_PROJECT_HANDOFF.md","- `07_PROJECT_HANDOFF.md` updated."
"tokenoskobi_kernel.py","88","PROJECT_BOOT.json","""PROJECT_BOOT.json"","
"tokenoskobi_kernel.py","89","PROJECT_RUNTIME.json","""PROJECT_RUNTIME.json"","
"tokenoskobi_kernel.py","90","PROJECT_HISTORY.json","""PROJECT_HISTORY.json"","
"tokenoskobi_kernel.py","97","06_PROJECT_MASTER_STATE.md","""06_PROJECT_MASTER_STATE.md"","
"tokenoskobi_kernel.py","98","07_PROJECT_HANDOFF.md","""07_PROJECT_HANDOFF.md"","
"tokenoskobi_kernel.py","191","PROJECT_RUNTIME.json","runtime = load_json(""PROJECT_RUNTIME.json"") or {}"
"tokenoskobi_kernel.py","192","PROJECT_BOOT.json","boot = load_json(""PROJECT_BOOT.json"") if full else None"
"tokenoskobi_kernel.py","193","PROJECT_HISTORY.json","history = load_json(""PROJECT_HISTORY.json"") if full else None"
"tokenoskobi_kernel.py","233","PROJECT_BOOT.json","""PROJECT_BOOT.json"": file_exists(""PROJECT_BOOT.json""),"
"tokenoskobi_kernel.py","234","PROJECT_RUNTIME.json","""PROJECT_RUNTIME.json"": file_exists(""PROJECT_RUNTIME.json""),"
"tokenoskobi_kernel.py","235","PROJECT_HISTORY.json","""PROJECT_HISTORY.json"": file_exists(""PROJECT_HISTORY.json"")"
