"Count","Name"
"72","tools\legacy\era54_canonical_closure_and_index_sync_noapi_v1.py"
"13","tools\hbr_c_policy_gate_and_collision_dryrun_noapi_v1.py"
"12","tools\legacy\era55a3_natural_cycle_baseline_collection_v1.py"
"12","tools\legacy\era55a4_baseline_consolidation_and_extended_sample_review_v1.py"
"12","tools\runtime\post_era54_hot_ingress_bounded_runtime_integration_noapi_v1.py"
"12","tools\legacy\era55a5_baseline_report_and_gemini_red_team_package_v1.py"
"12","tools\hbr_source_window_repair_or_close_decision_noapi_v1.py"
"12","tools\runtime\post_era54_hot_ingress_bound_runtime_first_observation_noapi_v1.py"
"11","tokenoskobi_kernel.py"
"10","tools\legacy\era55a6_gemini_red_team_review_and_findings_register_v1.py"
"9","tools\era_close.py"
"7","tools\news\news_f_final_operational_seal_with_known_warnings_v1.py"
"6","tools\news\news_a_final_pre_replay_truth_snapshot_noapi_v1.py"
"6","tools\runtime\era55a23_p0_guarded_general_production_writer_runtime_integration_apply_and_post_audit_v1.py"
"6","tools\general_systemd_dependency_check_v1.py"
"6","tools\hot_ingress_binding_safe_apply_docs_only_noapi_v1.py"
"6","tools\legacy\era55a22_p0_post_remediation_canary_red_team_general_production_activation_decision_v1.py"
"6","tools\legacy\era55a24r_p0_natural_cycle_evidence_recovery_and_p0_f1_closure_v1.py"
"6","tools\legacy\era55a25_p1_option_b_readiness_and_authorization_decision_v1.py"
"6","tools\legacy\era55a24_p0_post_activation_observation_and_p0_f1_closure_decision_v1.py"
"6","tools\legacy\era55a20_p0_post_remediation_audit_and_production_canary_decision_v1.py"
"6","tools\legacy\era55a21_p0_single_natural_cycle_post_remediation_canary_apply_and_post_audit_v1.py"
"5","tools\legacy\era56_global_intelligence_cache_opening_v1.py"
"4","tools\legacy\era56h_global_cache_single_cycle_canary_apply_and_postcheck_v1.py"
"4","tools\legacy\era56_final_closure_and_seal_v1.py"
"4","tools\legacy\repo_cleanup_apply_safe_1_after_news_f_v1.py"
"4","tools\runtime\era56e_global_cache_bounded_runtime_binding_readiness_decision_v1.py"
"4","tools\runtime\general_runtime_surface_classifier_v1.py"
"4","tools\runtime\era56f_global_cache_bounded_runtime_binding_plan_and_canary_decision_v1.py"
"4","tools\runtime\era56i_global_cache_post_canary_review_and_runtime_binding_decision_v1.py"
"3","tools\hot_ingress_binding_safe_apply_post_audit_noapi_v1.py"
"2","tools\legacy\era54_canonical_closure_and_index_sync_fix1_launcher_v1.py"
"1","core\runtime_policy_authority_gate.py"
"1","tests\general_runtime_stress_harness_v1.py"
"1","tools\news\news_historical_access_real_fetch_plan_noapi_v1.py"
"1","tools\ede_security_baseline_v1.py"
"1","tools\hbr_canonical_state_sync_noapi_v1.py"
